ID;P;PCRPS;PERA5;PMSW;PET;ET0;ETA;Q1;Q2
1;4.43;3.98;4.95;4.62;4.8;2.16;0.91;;2.84
2;4.92;4.15;5.06;3.98;5.15;2.18;0.92;3.76;3.81
3;4.71;3.78;4.72;4.06;5.08;2.15;0.88;0.87;0.9
4;4.93;4.21;5.22;3.96;5.16;2.05;0.86;;5.08
5;5.06;4.62;4.96;4.95;5.77;2.2;1.19;;3.31
6;5.15;4.68;4.8;4.28;5.48;2.24;1.19;4.89;5.06
7;4.9;4.15;4.89;4.29;5.05;2.21;1.03;2.05;2.04
8;5.13;4.55;5.13;4.35;3.59;2.29;1.3;;2.14
9;4.91;4.19;4.95;4.3;4.83;2.23;1.06;4.38;4.44
10;4.96;4.47;4.53;4.55;5.72;2.32;1.47;5.38;5.26
11;4.82;3.87;4.33;4.24;3.41;2.48;1.48;;3.47
12;4.8;3.71;4.25;3.99;3.4;2.48;1.49;4.39;4.55
13;4.57;4.06;4.95;4.55;4.8;2.19;0.97;3.06;3.16
14;4.84;4.5;4.42;4.28;4.88;2.35;1.55;4.42;4.6
15;4.77;4.37;4.5;4.67;4.19;2.35;1.6;3.46;3.67
16;4.76;4.43;4.39;4.24;4.3;2.37;1.58;3.45;3.6
17;4.66;4.39;4.04;3.74;3.8;2.37;1.58;;2.79
18;4.67;4.15;4.05;3.56;3.67;2.42;1.57;2.09;2.2
19;4.72;4.32;4.25;3.97;4.04;2.39;1.57;3.01;3.13
20;5.25;4.7;5.11;4.37;6.31;2.18;1.11;5.45;5.63
21;5.24;4.64;4.82;4.56;6.29;2.27;1.24;4.91;4.99
22;5.18;4.63;4.71;4.58;6.27;2.29;1.31;4.96;5.09
23;5.18;4.43;4.6;4.68;6.54;2.31;1.51;;3.78
24;5.27;4.65;5.06;4.69;6.34;2.29;1.38;5.71;5.89
25;5.05;4.27;5.06;4.76;6.23;2.3;1.64;;6.05
26;5.13;4.43;5;4.79;6.13;2.32;1.55;;11.01
27;5.05;4.34;4.51;4.68;6.12;2.32;1.62;2.64;2.62
28;4.64;3.91;3.81;4.08;3.91;2.35;1.71;3.66;3.87
29;5.04;4.38;4.53;4.58;5.93;2.32;1.53;4.77;4.84
30;4.57;4.32;3.81;3.89;4.02;2.37;1.73;3.06;3.05
32;4.39;3.76;3.79;3.78;2.93;2.36;1.7;2.75;2.81
33;5.11;4.42;5.22;4.16;5.96;1.96;0.93;5.31;5.45
34;5.13;4.47;5.19;4.22;5.64;2.03;1.01;4.82;4.95
35;5.13;4.51;5.23;4.17;6.03;2.06;0.95;4.66;4.64
36;5.31;4.51;5.14;4.1;6.11;2.15;1.06;5.05;4.92
37;5.01;4.12;5.03;3.94;5.24;2.21;1.11;;3.34
38;5.1;4.33;5.13;4.02;5.69;2.16;1.03;3.76;3.77
39;4.87;4.01;4.39;4.5;4.9;2.31;1.42;3.58;3.45
40;4.86;3.27;4.77;3.56;5.74;2.12;1.15;3.18;3.12
41;4.88;3.16;4.67;3.54;6.21;2.33;1.17;0.89;0.82
42;4.84;4.8;4.65;3.69;4.66;2.14;1.2;2.64;2.53
43;4.83;5.05;4.69;3.62;4.8;2.27;1.18;2.75;2.73
44;3.9;2.73;4.35;2.96;5.57;1.9;0.75;2.26;2.27
45;3.44;2.57;4.01;2.8;3.54;1.95;0.75;2.31;2.34
46;3.49;2.6;3.99;2.75;3.79;1.96;0.75;2.69;2.7
47;3.34;2.59;3.8;2.42;2.23;1.82;0.44;4.32;4.33
48;4.71;3.7;5.24;3.85;5.14;1.88;0.77;3.22;3.2
49;4.13;3.02;4.75;3.74;2.86;1.9;0.71;1.26;1.27
50;4.25;3.12;4.95;3.57;4.64;1.94;0.73;1.99;1.99
51;4.47;3.4;5.1;3.67;5.12;1.99;0.75;2.42;2.41
52;4.79;4.56;4.7;3.34;5.33;2.28;1.13;2.18;2.13
53;3.81;2.93;4.33;2.98;4.24;1.99;0.78;2.52;2.53
54;3.66;2.98;3.89;3.11;3.58;1.79;0.71;1.43;1.43
55;3.35;2.69;3.58;2.94;2;1.55;0.52;;0
56;3.28;2.66;3.59;2.58;0.99;1.66;0.25;4.27;4.22
57;3.65;2.78;3.88;2.69;2.65;1.72;0.78;4.58;4.51
58;3.72;2.84;3.82;2.87;2.44;1.75;0.61;3.44;3.39
59;4.14;3.54;4.57;3.29;5.48;1.88;0.81;2.96;2.96
60;3.91;3.03;4.07;3;3.21;1.81;0.67;3.03;3
61;4.58;3.86;4.55;3.4;5.97;1.8;0.86;3.5;3.5
62;3.98;3.18;4.07;3.05;3.53;1.84;0.7;;3.04
63;3.85;3.01;4.28;2.99;4.15;1.97;0.77;2.49;2.5
64;3.88;3.06;4.28;3;4.21;1.98;0.78;2.55;2.56
65;4.69;3.31;4.51;3.77;5.71;1.92;0.82;;1.77
66;3.95;3.07;4.3;3.06;4.38;2;0.79;2.49;2.5
67;3.87;3.09;4.5;2.84;6.62;2.1;0.96;;1.99
68;4.09;2.71;4.69;3.09;6.77;2.16;0.99;2.73;2.76
69;4.07;3.21;4.59;3.11;6.49;2.02;0.85;2.7;2.71
70;4.38;2.83;4.75;3.37;5.98;2.07;0.92;3.25;3.25
71;4.18;2.97;4.68;3.16;6.43;2.1;0.91;2.71;2.75
72;4.32;3.02;4.62;3.07;7.03;2.08;0.85;2.3;2.29
73;4.46;2.92;4.42;3.55;3.69;1.83;0.8;;3.62
74;4.39;2.87;4.7;3.31;6.18;2.09;0.88;2.48;2.53
75;4.49;3.55;4.68;3.72;7.3;2.07;0.94;2.76;2.75
76;4.52;3.52;4.79;3.86;7.2;2.14;1;2.7;2.69
77;4.07;3.07;4.41;3.13;4.8;2.03;0.83;2.57;2.58
78;3.98;3.7;4.43;3.98;4.01;1.84;0.86;0.47;0.51
79;3.68;3.28;4.53;3.35;4.53;1.71;0.92;4.32;4.33
80;3.82;3.43;4.49;3.75;4.8;1.83;0.89;0.52;0.52
81;4.22;3.43;4.58;3.83;6.46;1.96;0.83;2.51;2.55
82;3.99;3.55;4.5;3.85;5.19;1.9;0.86;3.94;3.94
83;4.34;3.67;4.52;3.93;7.43;1.96;0.9;;3.73
84;4.03;3.57;4.5;3.85;5.45;1.94;0.87;3.75;3.77
85;4.31;4.01;4.5;3.95;6.64;2;0.9;3.91;3.85
86;4.3;3.98;4.5;3.85;6.76;2.04;0.91;3.64;3.63
87;4.18;3.69;4.58;3.83;6.05;2.01;0.92;3.58;3.6
88;4.1;3.16;4.46;3.23;5.02;2.03;0.85;2.7;2.72
89;5.04;3.61;4.94;3.75;6.85;2.24;1.44;2.62;2.64
90;5.04;3.55;4.39;4.01;6.84;2.26;1.45;2.96;2.9
91;5.14;3.55;4.5;3.98;7.24;2.33;1.42;3.28;3.26
92;4.9;3.71;5.08;3.92;7.8;2.38;1.23;;1.68
93;4.73;4.04;5.08;3.87;7.75;2.21;1.09;;3.61
94;4.67;3.94;5.08;3.93;7.7;2.16;1.05;;3.42
95;4.78;3.96;5.08;3.9;7.73;2.24;1.13;3.07;3.01
96;4.17;3.22;4.49;3.29;5.23;2.06;0.88;2.75;2.75
97;5.08;3.96;4.93;3.63;7.61;2.36;1.4;2.31;2.22
98;5.1;3.94;4.74;3.51;7.58;2.32;1.37;2.3;2.23
99;5.36;3.99;4.58;3.65;6.96;2.29;1.56;;3.37
100;5.35;3.61;4.57;3.8;7.23;2.38;1.6;;2.58
101;4.97;3.64;4.58;3.83;7.74;2.36;1.72;3.83;3.73
102;5.15;3.75;4.58;3.77;7.35;2.34;1.65;;2.33
103;4.75;4.13;5.08;3.7;7.77;2.19;1.09;3.13;3.03
104;4.73;4.04;5.08;3.86;7.79;2.19;1.11;;3.28
105;4.89;3.98;4.96;3.68;7.71;2.24;1.2;2.9;2.85
106;4.85;4.06;5.01;3.67;7.73;2.23;1.16;2.97;2.93
107;5.07;4.1;5.01;3.58;7.51;2.23;1.21;3.64;3.59
108;5.05;4.04;4.91;3.64;7.57;2.24;1.26;;3.33
109;5.4;3.96;4.58;3.52;7.1;2.26;1.53;;4.82
110;5.31;3.87;4.58;3.59;7.2;2.3;1.57;;4.01
111;4.29;4.1;4.6;4.11;5.05;1.94;0.83;3.04;2.97
112;4.14;3.98;4.49;4.65;0.91;1.62;0.36;6.49;6.46
113;4.23;4.18;4.45;4.43;3.45;1.81;0.61;5.34;5.26
114;4.31;4.38;4.49;4.63;4.64;1.86;0.73;4.74;4.77
115;4.37;4.49;4.49;4.59;5.57;1.91;0.85;4.14;4.31
116;4.56;4.08;5.08;3.77;7.42;2.12;1.04;2.82;2.87
117;4.36;4.23;4.65;4.3;5.45;1.98;0.85;3.5;3.49
118;4.44;4.39;4.48;4.69;5.51;1.98;0.9;3.8;3.86
119;4.58;4.06;5.07;3.57;7.34;2.09;1.02;;3.04
120;4.48;4.33;4.5;4.53;4.96;1.95;0.87;4.97;5.14
121;4.55;4.39;4.57;4.84;5.32;1.9;0.89;10.12;10.01
122;4.46;4.21;4.43;4.32;5.8;2.02;0.91;3.89;3.9
123;4.5;4.26;4.55;4.96;3.58;1.84;0.77;4.28;4.23
124;4.52;4.26;4.61;5;5.31;1.95;0.86;3.23;3.22
125;4.3;4.03;4.52;4.7;4.96;1.91;0.85;3.11;3.14
126;4.36;3.96;4.52;4.69;5.64;1.96;0.88;3.15;3.18
127;4.1;3.74;4.34;4.59;4.64;1.86;0.91;6.46;6.46
128;4.08;3.58;4.34;4.8;5.14;1.94;0.9;4.22;4.24
129;4.4;4.07;4.44;4.41;5.91;2.01;0.93;3.52;3.55
130;3.99;3.64;4.22;4.68;5.9;2.01;0.97;3.12;3.13
131;5.21;4.1;5.1;3.64;6.45;2.11;1.28;3;2.9
132;5.06;4.24;5.13;3.74;6.4;1.97;1.32;9.32;9.29
133;5.38;4.02;5.12;3.92;6.59;2.11;1.3;3.92;3.88
134;5.47;4.24;5.17;4.76;6.03;2;1.27;4.49;4.42
135;4.54;4;4.7;4.22;6.2;2.04;1.04;3.4;3.41
136;5.7;4.08;5.26;4.09;6.18;2.12;1.3;3.78;3.69
137;4.73;3.98;4.83;4.18;6.26;2.07;1.11;3.46;3.48
138;4.81;3.48;3.85;3.69;6.52;2.32;1.79;;2.41
139;5.32;3.72;4.58;3.92;5.66;2.28;1.54;3.98;3.86
140;4.14;3.37;3.85;3.33;4.3;2.26;1.8;;2.21
141;4.17;3.35;3.85;3.42;4.29;2.27;1.79;2.4;2.36
142;4.79;4.02;5.07;3.69;7.41;2.12;1.13;2.94;2.95
143;4.79;4.15;5.4;3.38;6.18;2.12;1.17;3.27;3.17
144;5.11;4.15;5.16;3.67;6.75;2.16;1.24;2.11;2.09
145;5.54;4.28;4.79;3.53;7.09;2.17;1.31;4.04;3.95
147;5.29;4.1;5.08;3.63;6.74;2.19;1.3;3.35;3.31
148;3.81;3.15;3.33;3.4;2.93;2.29;1.62;1.58;1.59
149;4.81;3.94;4.73;4.03;6.18;2.11;1.2;3.38;3.39
150;3.59;3.09;2.98;3.44;3.18;2.27;1.68;1.01;1
151;3.63;3.09;2.99;3.45;3.16;2.27;1.67;1.01;1.01
152;4.01;3.24;3.83;3.48;3.15;2.29;1.67;1.97;1.94
153;3.83;3.22;3.66;3.47;2.79;2.29;1.63;1.84;1.86
154;3.91;3.21;3.59;3.38;3.07;2.28;1.67;1.44;1.41
155;3.52;3.26;3.2;3.26;8.03;2.21;1.93;1.13;1.15
156;3.67;3.25;3.2;3.24;6.95;2.22;1.92;0.77;0.74
157;3.91;3.32;3.85;3.41;4.03;2.22;1.78;0.87;0.9
158;3.9;3.32;3.83;3.39;3.85;2.23;1.77;0.83;0.79
159;3.77;3.27;3.43;3.28;5.31;2.22;1.83;;0.79
160;3.75;3.24;3.37;3.26;5.77;2.23;1.86;0.52;0.49
161;3.6;3.12;3.16;3.05;9.05;2.25;2.04;2.42;2.31
162;3.71;3.18;3.38;3.23;4.91;2.25;1.79;0.9;0.9
163;3.52;3.18;3.2;3.32;7.96;2.22;1.93;1.97;1.93
164;3.51;3.15;3.2;3.22;8.65;2.24;2.01;1.5;1.47
165;3.38;3.08;3.2;3.13;5.75;2.23;1.82;1.45;1.45
166;3.42;3.02;3.16;2.94;5.96;2.24;1.83;0.85;0.82
167;3.37;3.06;3.17;3.04;5.5;2.24;1.8;1.37;1.38
168;3.25;3.11;3.1;3.2;3.75;2.25;1.61;;1.28
169;3.47;3.19;3.13;3.33;3.52;2.24;1.65;1.29;1.24
170;3.31;3.12;3.15;3.3;3.71;2.25;1.62;1.31;1.29
171;3.26;3.08;3.12;3.18;3.73;2.25;1.62;1.36;1.35
172;3.04;2.96;2.78;2.85;3.84;2.24;1.59;1.22;1.19
173;4.14;3.34;4.1;3.44;5.49;2.17;1.27;2.47;2.45
174;3.13;3.03;3.1;3.08;3.89;2.25;1.6;1.34;1.35
175;3;2.94;2.78;2.98;3.86;2.24;1.59;1.24;1.21
176;2.92;2.87;2.69;2.82;3.85;2.24;1.59;1.14;1.15
177;2.93;2.83;2.61;2.57;3.75;2.23;1.61;1.1;1.12
178;2.72;2.82;2.6;2.57;3.82;2.22;1.59;1.33;1.32
179;2.83;2.83;2.64;2.64;3.73;2.23;1.61;1.18;1.18
180;2.71;2.86;2.84;2.83;3.52;2.15;1.57;;1.91
181;2.69;2.86;2.85;2.9;3.45;2.16;1.55;1.39;1.35
182;2.62;2.75;2.8;2.78;3.54;2.18;1.56;1.37;1.35
183;2.82;2.99;2.93;2.99;3.37;2.09;1.54;2.06;2.01
184;2.77;2.97;2.89;2.99;3.37;2.11;1.55;1.88;1.84
185;2.61;2.75;2.78;2.64;3.53;2.15;1.58;1.28;1.24
186;2.71;2.88;2.84;2.84;3.43;2.13;1.56;1.61;1.58
187;3.36;2.79;3.27;2.88;4.6;2.23;1.51;1.54;1.54
188;3.11;3.07;3.09;3.29;3.86;2.25;1.6;1.2;1.18
189;3.03;2.99;3.01;3.18;3.9;2.25;1.6;1.13;1.1
190;2.98;2.93;2.96;3.14;3.9;2.26;1.61;1.09;1.04
191;2.87;2.85;2.63;3.11;3.86;2.25;1.59;1.2;1.12
192;2.82;2.81;2.6;2.74;3.85;2.24;1.58;1.14;1.13
193;2.82;2.82;2.61;2.88;3.86;2.24;1.58;1.16;1.15
194;2.69;2.82;2.6;2.68;3.82;2.21;1.58;1.5;1.47
195;2.72;2.79;2.6;2.78;3.82;2.24;1.59;1.21;1.16
196;2.64;2.54;2.63;2.6;3.59;2.15;1.58;1.18;1.14
197;2.62;2.58;2.67;2.53;3.6;2.15;1.58;1.3;1.27
198;2.6;2.57;2.58;2.46;3.64;2.18;1.58;1.23;1.17
199;2.58;2.64;2.64;2.34;3.71;2.21;1.59;1.32;1.27
200;5.2;4.28;4.87;4.18;4.92;1.94;1.28;4.45;4.38
201;5.22;4.5;4.88;4.34;5.57;1.94;1.32;6.13;5.99
202;5.28;4.66;4.96;4.65;6.75;2.11;1.46;4.57;4.43
203;5.09;4.25;4.88;4.58;6.84;2.05;1.23;5.45;5.54
204;5.24;4.32;4.9;4.42;5.84;2.01;1.28;5.48;5.41
205;5.02;4.53;5.01;4.12;3.06;1.91;1.17;7.35;7.16
206;5.21;4.38;4.95;4.32;5.58;2.01;1.28;4.78;4.75
207;5.24;4.4;4.95;4.28;5.67;2.04;1.3;4.71;4.7
208;5.21;4.16;4.77;3.87;6.43;2.21;1.56;3.72;3.64
209;5.23;4.31;4.8;3.92;6.33;2.2;1.56;3.66;3.67
210;4.69;4.96;3.8;4.06;5.29;2.18;1.74;5.05;5.04
211;5.18;4.46;4.95;4.16;5.89;2.08;1.41;4.47;4.42
212;4.65;4.76;3.71;4.15;4.95;2.12;1.68;2.8;2.72
213;4.17;3.61;3.85;3.52;5.84;2.25;1.96;2.95;2.94
214;4.81;3.76;3.85;3.62;6.72;2.26;1.79;2.8;2.77
215;4.67;3.65;3.85;3.57;6.41;2.26;1.82;3.01;2.96
216;4.55;3.74;3.85;3.64;6.32;2.25;1.85;3.18;3.17
217;4.68;4.73;3.74;4.02;5.71;2.15;1.82;6.28;6.22
218;4.46;3.99;3.81;3.77;5.64;2.23;1.81;3.06;3.04
219;3.92;3.53;3.76;3.46;5.33;2.2;1.83;2.34;2.33
220;3.55;3.3;3.18;3.44;3.95;2.2;1.68;1.73;1.7
221;3.72;3.39;3.38;3.46;4.4;2.2;1.72;1.77;1.76
222;4.1;3.78;3.85;3.63;6.82;2.21;1.89;1.74;1.76
223;3.96;3.61;3.8;3.65;5.32;2.22;1.77;1.23;1.22
224;3.77;3.46;3.47;3.51;4.58;2.21;1.73;1.71;1.68
225;4.11;3.74;3.8;3.65;5.02;2.22;1.76;2.43;2.4
226;4.09;4.18;3.72;4.1;3.14;2.21;1.62;2.3;2.33
227;4.01;3.69;3.56;3.69;4.6;2.22;1.72;2.27;2.24
228;4.55;4.06;4.02;3.93;5.15;2.16;1.57;3.4;3.36
229;3.27;3;2.89;3.36;3.57;2.27;1.57;0.86;0.84
230;4.78;4.08;4.04;4.26;5.58;2.13;1.58;4.75;4.64
231;4.5;3.82;3.81;4.05;5.09;2.17;1.6;3.57;3.45
232;3.89;3.25;3.48;3.76;3.48;2.24;1.57;1.43;1.43
233;4.31;3.62;3.7;3.94;4.63;2.19;1.59;3.08;2.97
234;4.45;3.94;4.02;3.9;4.97;2.17;1.57;3.33;3.27
235;3.36;2.62;2.87;3.17;3.35;2.29;1.56;0.97;0.93
236;4.04;3.22;3.56;3.68;3.9;2.25;1.6;2.55;2.49
237;3.79;2.88;3.38;3.39;3.53;2.27;1.57;1.79;1.74
238;3.43;2.61;2.88;2.9;3.21;2.31;1.56;;1.26
239;3.38;2.62;2.95;3.03;3.43;2.3;1.59;1.47;1.41
240;2.68;2.47;2.49;2.51;3.45;2.32;1.71;0.93;0.9
241;2.6;2.56;2.64;2.34;3.66;2.23;1.59;0.87;0.84
242;2.65;2.54;2.64;2.29;3.63;2.22;1.58;;0.68
243;2.6;2.54;2.65;2.26;3.65;2.25;1.6;0.79;0.75
244;4.11;3.67;4.83;4.15;7.52;2.05;1.09;2.52;2.52
245;4.01;3.71;4.87;4.39;7.58;2.01;1.04;4.53;4.52
246;4.08;3.76;4.97;4.17;7.25;2.01;1.05;2.26;2.26
247;3.9;4.02;4.87;5.02;6.19;1.89;1.03;3.74;3.81
248;4.15;3.88;5.01;4.25;6.91;2.01;1.08;2.8;2.87
249;4.27;3.93;4.95;4.38;6.61;2.01;1.11;;2.83
250;4.06;3.8;4.72;4.45;6.89;1.99;1.13;1.11;1.16
251;4.17;3.76;4.6;4;6.45;2;1.2;2.63;2.65
252;4.32;3.89;4.88;4.22;6.65;2.01;1.14;2.71;2.67
253;3.96;3.68;4.29;3.91;6.34;2.03;1.22;2.3;2.3
254;4.29;3.84;4.84;4.13;6.62;2.02;1.17;2.64;2.64
255;3.82;3.71;3.95;3.41;7.49;2.09;1.36;3.22;3.26
256;3.82;3.07;3.71;3.53;7.98;2.23;1.68;2.35;2.26
257;3.98;3.4;4.03;3.51;7.4;2.15;1.49;3.3;3.2
258;3.88;3.32;3.87;3.54;7.41;2.18;1.56;3.21;3.11
259;4.36;3.53;4.33;3.22;7.59;2.17;1.51;3.33;3.31
260;3.8;3.22;3.4;2.73;6.54;2.27;1.75;1.91;1.87
261;3.78;3.02;3.41;2.67;8.23;2.27;1.88;2.75;2.66
262;4.15;3.38;3.62;3.21;8.03;2.23;1.75;3.38;3.25
263;4.13;3.65;4.46;3.71;7.02;2.1;1.36;2.89;2.84
264;5.07;4.26;4.85;3.54;6.09;2;1.32;5.42;5.25
265;4.98;4.39;4.85;4.82;5.52;1.91;1.45;11.68;11.57
266;5.01;4.32;4.85;3.98;5.74;1.98;1.39;6.98;6.85
267;4.89;4.03;4.73;4.42;6.12;2.05;1.46;4.8;4.65
268;4.69;3.83;4.64;2.88;7.19;2.08;1.38;5.26;5.12
269;4.54;3.6;4.64;3.48;7.4;2.17;1.45;2.45;2.42
270;4.62;3.65;4.64;3.39;7.24;2.15;1.44;3.36;3.22
271;4.69;3.89;4.65;3.31;6.92;1.99;1.48;20.14;19.69
272;4.31;3.72;3.56;4.08;7.56;2.05;1.76;;6
273;4.59;3.66;4.47;3.56;7.2;2.15;1.5;3.98;3.84
274;4.38;3.7;3.54;3.63;7.63;2.13;1.79;5.29;5.06
275;4.56;3.51;3.69;4.18;7.36;2.17;1.72;2.33;2.31
276;4.67;3.78;4.37;4;6.89;2.12;1.54;4.37;4.27
277;4.29;3.46;3.51;3.14;7.18;2.19;1.79;2.61;2.5
278;4.14;3.34;3.53;3.13;7.88;2.21;1.77;2.71;2.6
279;3.98;3;3.56;3.32;3.76;2.25;1.61;1.89;1.81
280;4.4;3.56;4;3.65;6.6;2.17;1.61;3.68;3.55
281;4.17;3.63;4.37;3.69;6.94;2.11;1.4;3.04;2.98
282;3.38;2.9;3.11;2.6;3.46;2.27;1.63;1.81;1.79
283;2.69;2.47;2.52;2.55;3.53;2.18;1.57;0.78;0.77
284;2.73;2.5;2.58;2.44;3.54;2.18;1.58;0.79;0.77
285;2.8;2.44;2.49;2.38;3.67;2.13;1.6;1.33;1.25
286;2.8;2.46;2.62;2.25;3.66;2.18;1.6;1.07;1
287;2.74;2.48;2.63;2.26;3.63;2.2;1.6;0.93;0.89
288;2.8;2.54;2.42;2.29;3.44;2.32;1.65;0.82;0.81
289;2.85;2.4;2.92;2.32;3.68;2.17;1.61;1.18;1.13
290;2.91;2.39;2.81;2.3;3.63;2.18;1.59;1.11;1.05
291;2.77;2.42;2.83;2.16;3.69;2.21;1.62;1.11;1.07
292;2.59;2.47;2.84;1.98;3.81;2.27;1.64;0.91;0.9
293;2.57;2.58;2.79;2.03;3.8;2.24;1.68;1.18;1.15
294;3.99;3.23;3.49;3.32;6.86;2.24;1.64;3.42;3.33
295;3.97;3.43;3.49;3.24;7.76;2.15;1.68;;5.23
296;3.95;3.32;3.45;3.18;6.63;2.24;1.63;;3.44
297;3.92;3.37;3.42;3.07;6.32;2.25;1.63;3.48;3.39
298;3.75;3.19;3.32;2.76;3.44;2.28;1.63;;2.41
299;3.17;2.76;2.63;2.48;3.38;2.31;1.61;1.21;1.16
300;3.59;3.08;3.09;2.75;4.75;2.28;1.63;2.54;2.42
301;3.94;3.02;3.51;3.49;8.63;2.3;1.72;2.71;2.57
302;4;3.22;3.49;3.42;7.34;2.24;1.63;3.67;3.54
303;3.84;2.92;3.51;3.37;4.24;2.3;1.67;3.05;2.95
304;3.95;3.08;3.5;3.37;5.8;2.3;1.67;3.31;3.17
305;3.84;3.02;3.49;2.88;3.84;2.3;1.63;2.42;2.31
306;3.7;2.88;3.49;3.23;3.6;2.3;1.62;2.04;1.97
307;3.87;3.04;3.49;3.24;5;2.3;1.65;;2.95
308;3.37;2.84;2.86;2.4;3.29;2.29;1.62;1.85;1.81
309;3.49;2.89;3.01;2.58;3.39;2.29;1.63;;1.79
310;3.36;2.8;2.87;2.53;3.41;2.31;1.63;1.56;1.5
311;3.6;2.89;3.14;2.89;4.27;2.31;1.64;2.34;2.21
312;2.54;2.49;2.86;2.04;3.77;2.25;1.68;0.97;0.91
313;2.53;2.39;2.82;2.09;3.73;2.26;1.68;0.66;0.62
314;3.42;2.87;3.32;2.94;4.7;2.22;1.51;1.69;1.68
315;3.15;2.6;2.48;2.45;3.34;2.38;1.65;1.29;1.22
316;3.14;2.51;2.4;2.68;3.26;2.35;1.67;1.17;1.15
317;2.91;2.42;2.43;2.35;3.29;2.4;1.69;0.92;0.88
318;3.77;2.95;3.51;3.29;3.48;2.34;1.66;3.49;3.34
319;3.6;2.83;3.34;3.16;3.52;2.32;1.64;;0
320;3.34;2.64;2.99;3;3.48;2.35;1.66;1.94;1.86
321;2.54;2.1;2.38;2.2;3.16;2.45;1.74;0.61;0.62
322;2.48;2.35;2.7;2.05;3.65;2.25;1.72;0.29;0.28
323;3.41;2.87;3.31;2.93;4.69;2.23;1.52;1.68;1.67
324;2.14;1.89;2.27;1.8;3.4;2.45;1.77;;0.21
325;3.7;2.89;3.44;3.37;3.39;2.37;1.67;2.73;2.57
326;3.64;2.92;3.28;3.46;5.57;2.34;1.72;2.34;2.26
327;3.58;2.93;3.26;3.44;5.21;2.36;1.7;;2.31
328;3.52;2.81;3.26;3.29;4;2.37;1.68;2.28;2.16
329;2.85;2.44;2.71;2.72;3.97;2.43;1.77;;1.52
330;3.1;2.52;3;2.82;3.76;2.42;1.73;1.89;1.81
331;2.91;2.43;2.62;2.75;3.88;2.42;1.74;1.49;1.42
332;3.17;2.58;2.88;2.97;3.89;2.4;1.7;1.76;1.69
333;3.05;2.49;2.88;2.84;3.82;2.41;1.71;;0.48
334;2.88;2.38;2.54;2.49;3.64;2.15;1.58;1.13;1.04
335;2.67;2.28;2.39;2.48;3.7;2.18;1.56;0.72;0.68
336;2.73;2.3;2.51;2.47;3.68;2.18;1.58;0.83;0.76
337;2.74;2.22;2.83;2.59;3.6;2.2;1.64;0.87;0.83
338;2.67;2.17;2.57;2.47;3.62;2.22;1.65;0.7;0.66
339;2.57;2.19;2.28;2.33;3.73;2.2;1.62;0.63;0.59
340;2.01;1.96;2.07;1.79;3.98;2.3;1.63;0.25;0.25
341;1.97;1.93;2.04;1.74;4;2.34;1.64;;0.26
342;2.43;2.12;2.18;2.19;3.78;2.25;1.63;0.54;0.51
343;2.47;2.15;2.66;2.31;3.72;2.25;1.69;0.55;0.51
344;2.33;1.89;2.25;2.14;3.59;2.52;1.74;0.73;0.73
345;2.27;1.97;2.11;2.02;3.65;2.54;1.76;0.5;0.51
346;2.24;2.07;2.06;2.03;4.23;2.57;1.78;0.55;0.55
347;2.12;2;2.05;1.79;4.35;2.64;1.8;0.4;0.4
348;1.98;2;1.8;1.8;4.48;2.66;1.85;0.51;0.51
349;1.84;1.77;1.83;1.48;3.58;2.6;1.72;0.11;0.12
350;1.82;1.72;1.76;1.45;3.49;2.69;1.73;0.09;0.1
351;3.35;2.82;3.25;2.88;4.63;2.24;1.53;;1.61
352;1.96;1.97;1.84;1.7;4.42;2.67;1.88;0.39;0.4
354;2.08;1.99;2.08;1.8;4.64;2.63;1.8;;0.68
355;2.07;1.99;2.05;1.85;4.92;2.63;1.82;0.55;0.54
356;2.38;2.06;2.08;2.21;8.35;2.49;1.84;1.08;1
357;2.35;2.11;2.09;2.21;8.63;2.54;1.87;0.77;0.74
358;2.32;2.1;2.2;2.12;6.78;2.6;1.87;;0.57
359;2.63;2.28;2.38;2.54;4.32;2.48;1.79;0.98;0.92
360;2.62;2.26;2.46;2.49;4.26;2.52;1.8;0.88;0.82
361;2.17;2.08;2.09;1.9;5.19;2.64;1.86;0.41;0.37
363;2.07;1.82;1.98;1.73;3.89;2.78;1.86;0.32;0.34
364;2.28;2.04;2.03;2.04;4.85;2.65;1.84;0.67;0.63
366;3.16;2.49;2.82;3.16;3.64;2.44;1.75;1.76;1.65
367;3;2.54;2.81;2.91;3.86;2.47;1.77;;0.64
368;2.93;2.51;2.71;2.81;3.89;2.5;1.78;1;0.96
370;2.84;2.42;2.71;2.68;3.86;2.53;1.79;0.74;0.71
371;2.49;2.19;2.71;2.25;3.76;2.64;1.81;1.28;1.24
372;3.32;2.8;3.22;2.86;4.62;2.25;1.54;;1.58
373;3.32;2.8;3.21;2.86;4.62;2.25;1.54;1.59;1.58
374;1.89;1.8;1.86;1.52;3.74;2.77;1.79;;0.2
375;1.88;1.73;1.88;1.53;3.79;2.8;1.8;;0.58
376;1.88;1.72;1.87;1.54;3.83;2.81;1.79;;0
377;2.68;2.5;2.47;2.42;3.6;2.16;1.59;1.02;0.98
378;2.55;2.36;2.39;2.52;3.79;2.17;1.56;0.75;0.71
379;2.09;1.99;2.06;1.79;4.07;2.21;1.52;;0.6
380;2.08;2;2.04;1.8;4.01;2.2;1.53;;0.59
381;2.22;2.06;2.11;1.93;3.98;2.19;1.53;0.6;0.6
382;2.06;1.94;2.16;1.76;4.08;2.21;1.53;;0.6
383;2.34;2.1;2.26;2.05;3.92;2.16;1.51;0.57;0.55
384;2.06;2;2.09;1.79;3.99;2.21;1.52;;0.53
385;2.19;2.03;2.15;1.9;3.96;2.19;1.53;;0.53
386;2.04;1.86;2.19;1.63;3.92;2.26;1.49;0.42;0.39
387;2.1;1.94;2.12;1.75;3.95;2.23;1.5;0.45;0.46
388;2.02;1.95;2.02;1.77;4.12;2.23;1.53;;0.39
389;2.02;1.89;2.09;1.68;3.95;2.27;1.54;0.35;0.35
390;1.85;1.83;1.89;1.48;3.9;2.41;1.68;0.18;0.19
391;1.8;1.74;1.84;1.44;3.78;2.58;1.69;;0.14
392;1.76;1.58;1.79;1.35;4.04;2.71;1.69;;1.22
393;1.95;1.69;2.01;1.42;3.75;2.44;1.62;;0.25
394;2.03;1.73;2.09;1.5;3.58;2.43;1.65;0.35;0.35
395;1.85;1.72;1.78;1.51;3.79;2.7;1.77;0.12;0.13
396;1.85;1.69;1.78;1.56;3.66;2.79;1.75;0.12;0.12
397;2.02;1.74;2.07;1.51;3.63;2.45;1.65;0.34;0.34
398;1.88;1.7;1.88;1.57;3.64;2.83;1.76;0.13;0.14
399;3.05;2.58;2.97;2.58;4.43;2.3;1.56;;1.32
401;3.32;2.62;3.1;3.24;3.86;2.41;1.72;1.7;1.6
402;3.46;3.07;3.42;3.31;5.13;2.19;1.68;2.14;2.02
403;3.36;2.77;3.19;3.27;4.22;2.33;1.7;1.94;1.84
404;3.3;2.92;3.26;3.21;3.9;2.32;1.68;1.64;1.58
405;3.06;2.88;2.86;3;3.61;2.43;1.74;1.04;0.97
406;3.04;2.7;2.93;2.95;3.6;2.45;1.73;0.83;0.79
407;3.19;2.82;3.26;3.09;3.8;2.4;1.69;;0
408;2.79;2.65;3.03;2.63;3.63;2.41;1.68;1.05;1.09
409;2.99;2.79;3.19;3.1;3.51;2.45;1.66;0.97;0.97
410;2.85;2.65;3.07;2.84;3.62;2.47;1.68;;0
411;2.54;2.29;2.78;2.38;4.01;2.63;1.72;0.43;0.45
412;2.78;2.56;2.99;2.74;3.71;2.52;1.69;0.74;0.75
413;2.99;2.67;3.14;2.89;3.78;2.46;1.7;;0.22
414;2.98;2.66;3.14;2.87;3.78;2.47;1.7;0.2;0.18
415;2.65;2.34;2.6;2.29;3.74;2.65;1.82;0.2;0.21
416;2.66;2.26;2.63;2.33;3.73;2.65;1.82;0.19;0.17
422;2.87;2.54;2.92;2.72;3.78;2.51;1.73;0.57;0.53
423;2.67;2.39;2.92;2.5;4.02;2.57;1.74;0.49;0.47
426;2.61;2.34;2.92;2.44;4.01;2.59;1.74;0.34;0.34
428;2.37;2.22;2.55;2.23;4.13;2.62;1.71;0.46;0.45
429;2.25;2.16;2.45;2.16;4.13;2.66;1.73;0.34;0.33
430;2.28;2.12;2.45;2.16;4.27;2.66;1.72;0.37;0.36
431;2.27;2.15;2.45;2.12;4.36;2.7;1.77;0.25;0.26
432;2.19;2.05;2.35;2.01;3.94;2.72;1.83;0.19;0.2
433;2.18;2.05;2.32;1.99;3.93;2.72;1.83;0.26;0.27
434;2.1;1.96;2.19;1.9;4.27;2.74;1.87;0.24;0.25
435;2.13;1.98;2.09;1.83;4.07;2.72;1.82;;0.37
436;2.53;2.69;3.15;2.34;3.6;2.4;1.62;0.81;0.87
437;2.54;2.71;3.15;2.4;3.46;2.39;1.61;0.77;0.8
438;2.46;2.68;2.9;2.42;3.41;2.43;1.62;0.71;0.74
439;2.44;2.77;2.93;2.49;3.32;2.44;1.64;0.76;0.86
440;2.44;2.67;2.87;2.43;3.38;2.44;1.63;0.73;0.78
441;2.16;2.56;2.45;2.23;3.45;2.51;1.63;;0.61
442;2.3;2.59;2.7;2.36;3.42;2.47;1.63;0.68;0.72
443;2.23;2.52;2.56;2.34;3.48;2.48;1.63;0.64;0.67
444;2.18;2.42;2.22;2.3;3.61;2.49;1.64;;0.62
445;2.76;2.74;3.11;2.65;3.45;2.44;1.65;0.74;0.84
446;2.75;2.7;3.09;2.62;3.46;2.45;1.65;0.75;0.81
447;2.47;2.33;2.77;2.21;3.64;2.6;1.67;0.39;0.42
448;2.64;2.54;2.98;2.46;3.52;2.5;1.65;0.62;0.68
449;2.62;2.63;3.11;2.42;3.36;2.49;1.64;0.54;0.6
450;2.54;2.7;3.12;2.43;3.35;2.49;1.66;0.64;0.68
451;2.41;2.45;2.85;2.23;3.48;2.54;1.66;0.43;0.47
452;2.47;2.46;2.84;2.32;3.53;2.53;1.66;0.5;0.55
453;2.96;2.91;3.3;2.79;3.43;2.14;1.66;;1.82
454;2.84;2.84;3.24;2.84;3.32;2.32;1.63;0.99;1.04
455;2.13;2.39;2.37;2.22;3.44;2.55;1.66;0.41;0.45
456;2.44;2.5;2.88;2.38;3.49;2.49;1.66;0.6;0.64
457;2.6;2.47;2.82;2.4;3.71;2.5;1.69;0.65;0.68
458;2.54;2.41;2.81;2.31;3.71;2.53;1.69;0.62;0.63
459;2.29;2.24;2.71;2.03;3.83;2.62;1.7;;0.33
460;2.33;2.26;2.64;2.13;3.82;2.58;1.71;0.4;0.43
461;2.24;2.23;2.52;2.01;4;2.61;1.69;0.36;0.38
462;2.16;2.17;2.42;1.98;3.95;2.62;1.71;0.28;0.31
463;2.25;2.2;2.55;2.07;3.86;2.59;1.72;0.36;0.38
464;2.21;2.15;2.48;2.04;4.02;2.6;1.73;;0.32
465;2.21;2.17;2.49;2.04;3.75;2.59;1.7;;0.29
466;2.19;2.15;2.48;2.04;3.76;2.59;1.7;;0.36
467;2.11;2.09;2.35;2.01;3.84;2.58;1.72;0.25;0.29
468;2.09;2.06;2.28;1.99;4.23;2.58;1.74;0.24;0.27
469;2.44;2.33;2.73;2.31;3.96;2.58;1.7;0.53;0.57
470;2.26;2.25;2.51;2.14;4.08;2.61;1.7;0.44;0.47
471;3.73;3.58;4.08;5.47;4.48;1.87;0.97;3.24;3.16
472;3.76;3.55;4.03;5.16;6.31;1.96;1.01;2.15;2.14
473;3.72;3.55;4.04;5.21;5.74;1.95;1.01;2.35;2.36
474;3.65;3.52;4.03;5.01;6.08;1.98;1.02;2.14;2.2
475;3.72;3.51;3.99;4.66;6.79;1.95;1.04;3.06;3.05
476;3.77;3.56;4.28;4.25;6.81;1.93;1.07;2.91;2.87
477;3.68;3.58;4.05;4.04;6.23;1.94;1.12;;2.29
478;3.67;3.59;4.02;3.85;5.86;1.88;1.14;;2.65
479;3.68;3.51;4.05;4.23;6.58;1.95;1.09;2.54;2.54
480;3.27;3.3;3.8;4.1;7.45;2.01;1.09;1.64;1.68
481;3.58;3.46;3.91;4.52;6.56;1.98;1.07;;2.21
482;3.4;3.35;3.84;4.41;6.55;1.99;1.16;1.82;1.81
483;3.39;3.16;3.73;3.89;6.04;2.02;1.29;;1.41
484;3.36;3.31;3.74;4.19;6.66;2.01;1.22;1.71;1.69
485;3.68;3.67;4.51;4.41;6.69;1.92;1.15;;3.22
486;3.51;3.47;4.25;3.8;7.45;1.99;1.17;1.73;1.76
487;3.37;3.32;3.85;4.1;6.87;2.02;1.22;1.71;1.69
488;3.09;3.12;3.33;3.61;8.39;2.09;1.46;1.32;1.3
489;3.32;3.48;3.95;3.14;8.1;1.98;1.24;;1.78
490;3.48;3.52;3.83;4.1;7.99;2.07;1.24;1.99;1.98
491;3.45;3.37;3.66;3.22;7.8;2.15;1.41;1.7;1.66
492;3.65;3.15;3.56;3.54;7.36;2.1;1.73;;2.95
493;3.67;3.24;3.71;3.45;7.87;2.1;1.73;2.77;2.72
494;3.48;3.1;3.69;3.15;6.3;2.19;1.67;1.71;1.66
495;3.05;3.02;3.23;2.84;3.71;2.26;1.61;;0.94
496;3.66;3.39;3.98;3.12;5.25;2.11;1.46;1.29;1.27
497;3.46;3.16;3.84;3.06;5.56;2.19;1.59;1.5;1.45
498;3.53;3.33;3.75;3;5.8;2.14;1.4;1.5;1.5
499;3.35;3.25;3.73;3.6;6.93;2.1;1.36;1.54;1.53
500;2.71;2.9;3.02;2.84;7.13;2.27;1.57;1.15;1.16
501;3.29;3.22;3.71;3.53;6.89;2.12;1.38;1.48;1.49
503;3.27;3.21;3.63;3.49;6.81;2.13;1.39;1.47;1.46
504;3.22;3.16;3.63;3.45;6.69;2.14;1.4;;1.45
505;2.82;2.83;3.05;3.31;7.62;2.29;1.55;1.03;1.05
506;2.49;2.51;2.78;2.62;3.7;2.47;1.61;;0.67
507;2.74;2.73;2.98;3.09;6.5;2.34;1.58;0.99;1.03
508;2.14;2.34;2.23;2.37;3.5;2.49;1.61;;0.6
509;3.06;2.84;2.91;3.22;5.56;2.38;1.81;1.38;1.42
510;2.87;3.01;2.96;3.48;7.74;2.14;1.78;1.96;2
511;3.1;2.9;2.91;3.25;5.97;2.45;1.83;;1.38
512;3.01;2.74;2.97;3.17;5.01;2.49;1.78;1.08;1.1
513;2.86;2.85;2.96;3.63;6.55;2.23;1.69;1.44;1.51
514;2.84;2.8;2.96;3.63;4.79;2.36;1.66;0.81;0.83
515;2.83;2.68;2.86;3.44;4.92;2.35;1.67;1.22;1.23
516;2.71;2.6;2.76;3.12;3.37;2.44;1.63;;0.92
517;2.78;2.45;2.58;2.96;3.25;2.46;1.64;;1.01
518;2.74;2.6;2.76;3.19;4.03;2.4;1.65;1.01;1.05
519;2.84;2.67;2.76;3.19;4.6;2.41;1.71;1.13;1.16
520;2.25;2.36;2.16;2.45;3.57;2.48;1.64;0.63;0.66
521;3.09;3.03;3.43;3.34;6.3;2.21;1.47;1.33;1.33
523;2.19;2.3;1.96;2.4;3.85;2.47;1.65;0.54;0.57
524;3.83;2.51;3.39;2.98;5.95;2.09;1.07;;1.88
525;3.47;3.37;3.77;2.94;4.83;1.93;0.99;;2.22
526;3.61;2.83;3.58;2.88;5.68;2.05;1.02;1.91;1.98
527;3.62;2.98;3.71;3.07;5.31;2.07;1.05;;1.82
528;3.88;3.95;4.24;4.11;2.38;1.75;0.7;4.36;4.36
529;4.11;4.04;4.49;4.44;1.41;1.71;0.48;4.86;4.78
530;3.95;4.03;4.21;4.05;2.8;1.85;0.73;3.19;3.24
531;4.22;4;4.49;4.63;1.64;1.71;0.51;7.12;7
532;4.25;4.13;4.48;4.61;2.16;1.75;0.6;6.27;6.15
533;4.08;4.11;4.32;4.16;2.79;1.85;0.72;3.39;3.43
534;3.6;3.52;3.74;3.44;3.88;1.86;0.88;2.65;2.76
535;4.34;4.35;4.47;3.97;2.82;1.75;0.76;4.49;4.41
536;4.32;4.27;4.47;3.67;2.58;1.67;0.77;3.34;3.28
537;3.93;3.94;4.08;3.91;3.37;1.9;0.83;2.8;2.83
538;3.82;3.6;3.9;3.61;4.06;1.96;0.91;2.48;2.5
539;3.92;3.93;4.17;3.67;4.15;1.88;1;2.72;2.83
540;3.82;3.61;3.9;3.65;4.14;1.98;0.94;2.41;2.44
541;3.79;3.57;3.9;3.66;4.5;2;1;2.24;2.28
542;4.36;4.22;4.49;4.54;2.83;1.75;0.77;;1.48
543;4.18;4.18;4.39;4.28;3.52;1.85;0.86;1.64;1.66
544;4.03;3.94;4.27;4.17;4.08;1.92;0.94;2.18;2.21
545;3.86;3.35;4.23;4.32;3.22;1.9;1;3.58;3.58
546;3.53;3.42;3.77;4.46;4.18;1.78;1.11;;2.45
547;3.92;3.72;4.12;4.28;4.12;1.94;0.98;2.07;2.08
548;3.82;3.61;3.95;3.85;4.4;1.99;0.99;2.49;2.52
549;3.52;3.59;4.02;4.95;5.24;1.88;1.08;1.63;1.65
550;3.24;3.48;3.56;4.19;6.6;1.99;1.16;1.55;1.56
551;3.65;3.74;4.08;4.68;2.72;1.59;1.04;;0
552;3.7;3.61;4.07;4.93;3.56;1.8;1.02;0.68;0.68
553;3.59;3.65;3.9;4.73;3.95;1.89;1.08;;0
554;3.04;3.42;3.15;3.96;6.65;1.94;1.25;;1.99
555;2.99;3.53;3.31;3.65;6.85;2.04;1.36;1.45;1.47
556;3.01;3.53;3.35;3.72;6.48;2.11;1.41;1.35;1.38
557;3.27;3.56;3.6;4.17;5.71;2.01;1.22;1.4;1.42
558;3.69;3.6;3.88;3.92;4.68;2;1.05;2.29;2.32
559;3.74;3.52;3.6;3.8;7.1;2.14;1.43;;1.68
560;3.16;3.28;3.08;3.34;5.96;2.15;1.59;2.31;2.36
561;3.09;3.16;3.07;3.33;5.67;2.2;1.58;;1.98
562;3.11;3.14;3.08;3.31;5.16;2.22;1.58;1.65;1.69
563;3.18;3.27;3.08;3.37;5.05;2.24;1.6;1.44;1.49
564;3.27;3.46;3.1;3.63;4.48;2.17;1.51;1.07;1.1
565;4.13;2.81;3.66;3.44;5.44;2.12;1.15;2.38;2.4
566;4.28;2.94;3.76;3.71;5.27;2.13;1.23;2.42;2.44
567;4.44;3.12;3.85;3.84;5.33;2.16;1.34;2.49;2.56
568;4.15;3.48;3.72;3.87;6.07;2.25;1.47;1.93;2.04
569;4.43;3.27;3.79;3.94;5.47;2.18;1.42;2.61;2.68
570;4.64;3.81;4.4;5.17;6.68;2.16;1.53;3.27;3.42
571;4.41;3.38;3.66;4.19;5.31;2.19;1.45;2.69;2.77
572;3.56;3.38;3.73;4.77;3.3;2.15;1.67;3.2;3.39
573;3.3;3.85;3.39;4.63;3.93;2.16;1.65;;0
574;3.27;3.76;3.19;4.57;3.5;2.19;1.66;2.34;2.49
575;3;3.32;3.15;4.28;7.25;2;1.32;1.56;1.58
576;2.99;3.33;3.14;4.24;7.31;2.02;1.34;1.45;1.47
577;2.95;3.12;3.02;4.27;6.25;2.09;1.34;;1.4
578;2.94;3.21;3.08;4.1;6.76;2.09;1.4;1.14;1.15
579;2.89;3.01;3.19;3.94;4.53;2.08;1.44;1.13;1.16
580;2.91;3.02;3.32;3.25;7.9;2.13;1.56;;0.87
581;2.85;3.02;3.14;3.45;6.7;2.14;1.54;0.93;0.95
582;2.85;3.08;3.08;3.67;6.77;2.14;1.5;;1.02
583;2.6;2.89;2.79;2.69;7.06;2.29;1.61;0.46;0.46
584;2.81;3.04;2.98;3.54;6.76;2.16;1.51;0.95;0.97
585;2.9;3.14;3.35;2.94;8.34;2.04;1.5;;1.01
586;2.85;3.13;3.04;2.87;8.17;2.07;1.49;1.06;1.1
587;2.69;3.15;2.9;2.77;6.91;2.14;1.55;0.95;0.98
588;2.98;2.97;3.06;3.42;4.89;2.29;1.56;0.83;0.86
589;2.56;2.89;2.89;3.15;6.69;2.27;1.63;0.75;0.77
590;2.71;2.86;2.92;3.13;5.4;2.3;1.6;;0.86
591;2.98;2.61;3.07;3.22;2.8;2.36;1.54;0.84;0.9
592;2.73;2.79;2.89;3.07;4.66;2.33;1.58;;0.97
593;3.37;3.03;3.09;3.63;2.78;2.35;1.6;;1.31
594;3.26;2.75;3.02;3.59;2.78;2.37;1.62;;1.28
595;3.23;2.73;2.92;3.77;2.78;2.35;1.62;0.61;0.72
596;3.36;2.84;3.04;3.71;2.83;2.35;1.59;0.94;1.02
597;2.92;2.78;2.89;3.25;4.04;2.34;1.58;0.9;0.95
598;2.83;2.95;2.92;3.3;5.78;2.23;1.55;0.94;0.96
599;2.73;3.05;2.47;2.64;4.89;2.35;1.61;;0.84
600;3.24;3.54;2.47;4.15;3.07;2.25;1.68;;1.14
601;2.6;3.1;2.75;2.83;3;2.21;1.57;1.02;1.04
602;3.5;3.37;3.4;3.81;4.86;2.13;1.33;;2.05
603;2.95;3.04;3.15;3.47;6.19;2.1;1.5;;1.11
604;2.86;2.9;2.97;2.87;9.14;2.15;1.65;;1.36
605;2.9;2.98;3.06;3.32;7.06;2.14;1.56;1.12;1.15
606;2.76;2.99;2.86;3.83;4.69;2.21;1.57;1.05;1.07
607;2.82;3.03;2.99;3.27;6.37;2.18;1.58;1.02;1.04
608;2.78;2.99;2.74;2.94;2.98;2.41;1.56;;0.61
609;2.83;3.04;2.94;3.19;5.75;2.23;1.58;1.03;1.06
610;3.39;2.95;3.32;2.93;3.89;2.23;1.72;1.4;1.42
611;3.22;2.8;3.21;2.82;3.8;2.25;1.72;1.25;1.27
612;3.05;2.61;3.03;2.68;3.82;2.26;1.7;1.14;1.14
613;3.22;2.76;3.11;2.84;4.02;2.27;1.66;1.35;1.36
614;3.13;2.67;3.03;2.76;4.04;2.28;1.65;1.25;1.27
615;2.92;2.44;2.82;2.54;4.05;2.25;1.63;1.09;1.1
616;2.9;2.43;2.79;2.5;4.03;2.25;1.63;1.05;1.06
617;3.01;2.5;2.9;2.61;4.21;2.26;1.63;1.16;1.16
618;5.32;4.93;5.1;4.59;5.81;2.27;1.23;4.47;4.41
619;5.07;4.43;4.81;4.63;5.09;2.29;1.4;4.1;4.07
620;4.18;3.64;3.86;3.94;4.17;2.29;1.62;2.07;2.08
621;5.36;5.04;5.1;4.42;6.08;2.24;1.13;3.67;3.71
622;5.38;4.9;5.15;4.43;5.85;2.23;1.15;;4.44
623;5.33;4.96;5.06;4.67;6.01;2.28;1.23;;4.01
624;5.21;4.48;5.02;4.61;5.73;2.27;1.31;5.23;5.25
625;4.89;4.2;4.21;4.83;5.45;2.29;1.72;;0
626;2.84;2.45;2.64;2.55;3.38;2.3;1.85;0.79;0.79
627;3.47;3.13;3.1;3.34;3.47;2.3;1.77;1.42;1.44
628;3.2;2.86;2.88;3.04;3.35;2.3;1.82;1.17;1.19
629;3.02;2.71;2.59;2.92;3.34;2.31;1.82;1.13;1.12
630;2.69;2.29;2.87;2.36;3.75;2.23;1.64;0.76;0.77
631;2.52;1.89;2.55;2.19;3.89;2.3;1.6;0.77;0.76
632;2.47;1.91;2.49;2.15;3.87;2.34;1.6;0.67;0.67
633;2.47;1.94;2.56;2.27;3.86;2.33;1.58;0.67;0.68
634;2.62;2.34;2.43;2.46;3.9;2.31;1.75;0.79;0.78
635;2.82;2.39;2.57;2.63;3.75;2.32;1.79;0.79;0.79
636;4.92;4.17;4.36;4.07;5.3;2.23;1.19;3.59;3.59
637;4.59;3.92;4.08;3.9;5.27;2.26;1.34;2.95;2.95
638;4.4;3.76;3.85;3.75;5.07;2.27;1.39;2.67;2.65
639;4.14;3.54;3.58;3.63;4.77;2.29;1.5;2.45;2.45
640;4.94;4.03;4.6;4.54;4.97;2.31;1.38;3.69;3.57
641;4.89;3.98;4.22;4.71;4.06;2.31;1.49;4.06;3.98
642;4.33;3.59;3.91;4.12;4.97;2.3;1.7;2.4;2.36
643;4.13;3.51;3.77;3.91;4.82;2.31;1.72;2.19;2.15
644;4.36;3.58;4.11;4.1;7.08;2.32;1.81;2.02;1.98
645;4.07;3.53;3.84;3.67;6.09;2.32;1.77;1.81;1.75
646;2.96;2.37;2.87;2.63;3.89;2.34;1.66;1.1;1.09
647;2.73;2.19;2.58;2.44;4.12;2.33;1.62;0.8;0.81
648;2.67;2.15;2.41;2.4;4.14;2.33;1.61;0.76;0.75
649;2.39;2.03;2.28;2.12;4.25;2.3;1.58;0.72;0.71
650;2.57;2.05;2.37;2.26;4.25;2.31;1.58;0.74;0.73
651;2.41;1.85;2.29;2.08;4.07;2.34;1.55;0.63;0.62
652;2.4;1.84;2.35;2.05;4.03;2.36;1.57;0.54;0.56
653;2.4;1.86;2.38;2.1;4.08;2.32;1.59;0.64;0.64
654;2.45;1.87;2.43;2.19;4.12;2.31;1.56;0.66;0.67
655;2.47;1.83;2.47;2.13;4.11;2.25;1.61;0.62;0.63
656;2.46;1.83;2.48;2.01;3.75;2.11;1.5;0.89;0.88
657;2.42;1.88;2.45;1.97;3.82;2.12;1.54;0.85;0.86
658;2.42;1.85;2.47;2.02;3.87;2.15;1.55;0.82;0.83
659;2.45;1.94;2.42;1.99;3.63;2.04;1.5;0.99;1.01
660;2.44;1.9;2.42;1.96;3.67;2.07;1.5;;0.75
661;2.53;2.21;2.61;2.09;3.61;2;1.53;1.4;1.42
662;2.53;1.75;2.62;2.12;3.77;2.13;1.51;0.78;0.81
663;2.43;2.13;2.49;1.99;3.82;2.09;1.59;0.89;0.93
664;2.4;2.04;2.43;1.93;3.87;2.12;1.57;0.91;0.94
665;2.51;1.74;2.61;2.3;3.91;2.19;1.56;0.8;0.82
666;2.45;1.76;2.54;2.23;4.02;2.21;1.58;0.84;0.87
667;3.37;3.18;2.72;2.69;5.22;2.05;1.7;1.68;1.66
668;3.08;2.83;2.58;2.51;4.66;2.08;1.66;1.36;1.36
669;2.97;2.69;2.58;2.41;4.53;2.1;1.65;1.24;1.24
670;3.59;3.4;3.03;2.95;8.62;2.04;1.82;2.32;2.23
671;3.48;3.35;3.11;2.8;5.75;2.05;1.72;1.93;1.92
672;3.11;3.28;2.7;2.64;5.41;2.05;1.72;1.63;1.61
673;2.6;2.43;2.43;2.35;3.8;2.08;1.59;0.9;0.91
674;2.32;2.05;2.34;2.05;4.13;2.28;1.57;0.53;0.54
675;4.86;3.55;4.7;3.64;5.69;2.19;1.17;2.55;0
676;4.84;3.55;4.7;3.76;5.91;2.23;1.19;0.83;0.74
677;4.85;3.48;4.6;3.96;6.64;2.29;1.32;1.63;1.61
678;4.57;3.47;4.4;3.83;6.36;2.33;1.45;1.92;1.89
679;4.33;3.28;4.05;3.69;6.2;2.34;1.51;0.79;0.73
680;3.64;2.86;3.44;3.2;5.14;2.35;1.61;1.73;1.72
681;3.53;2.8;3.25;3.1;5.03;2.35;1.61;1.66;1.67
682;4.75;4.66;4.62;3.82;4.23;2.3;1.24;2.36;2.38
683;4.76;4.32;4.61;3.9;4.62;2.29;1.25;2.33;2.34
684;4.66;3.98;4.29;4.01;5.32;2.33;1.37;2.93;2.88
685;4.65;3.95;4.2;4.03;5.43;2.33;1.38;5.87;5.81
686;4.55;3.72;4.2;3.91;5.93;2.35;1.49;3.43;3.36
687;4.81;3.92;4.64;3.95;5.11;2.21;1.23;3.62;3.6
688;3.81;3.21;3.46;3.52;5.5;2.38;1.73;1.82;1.79
689;3.66;3.1;3.04;3.38;5.09;2.38;1.74;1.58;1.58
690;3.41;2.85;2.99;3.14;4.59;2.39;1.73;1.23;1.23
691;3.23;2.67;2.87;2.94;4.45;2.37;1.7;1.32;1.32
692;4.54;3.98;3.92;4.12;5.22;2.35;1.48;2.8;2.74
693;4.36;3.69;3.84;4.1;6.11;2.36;1.6;2.68;2.65
694;4.16;3.41;3.69;3.85;6.59;2.38;1.7;2.08;2.08
695;4.13;3.28;3.85;3.9;7.38;2.39;1.78;1.9;1.91
696;3.17;2.78;3.07;2.97;3.24;2.35;1.79;;0
697;3.46;2.9;3.09;3.09;3.66;2.41;1.77;1.35;1.37
698;2.76;2.2;2.61;2.48;4.12;2.31;1.6;0.72;0.73
699;2.82;2.3;2.71;2.51;4.09;2.38;1.62;0.96;0.98
700;2.87;2.31;2.7;2.4;4.14;2.32;1.6;0.69;0.69
701;2.85;2.34;2.61;2.37;4.14;2.31;1.59;0.7;0.7
702;2.76;2.48;2.45;2.37;4.08;2.27;1.6;0.72;0.7
703;2.87;2.33;2.79;2.45;4.1;2.33;1.61;0.78;0.75
704;2.85;2.27;2.68;2.37;4.17;2.32;1.59;0.61;0.6
705;2.74;2.54;2.39;2.36;4.11;2.26;1.59;;0.48
706;2.68;2.79;2.9;2.39;3.6;2.17;1.59;1.28;1.26
707;3.14;3.1;3.65;2.65;3.98;2.08;1.61;1.82;1.77
708;3.06;3.03;3.61;2.67;3.69;2.09;1.58;1.92;1.83
709;3.01;2.98;3.46;2.7;3.42;2.09;1.56;1.91;1.85
710;4.22;3.24;4.49;3.3;5.32;2.07;0.91;2.66;2.67
711;4.23;3.24;4.49;3.32;5.4;2.08;0.95;2.69;2.69
712;4.17;3.21;4.36;3.37;5.48;2.13;1.07;2.56;2.55
713;4.05;3.14;4.22;3.3;5.34;2.15;1.13;2.43;2.41
714;4.12;3.33;4.07;3.42;5.46;2.17;1.28;2.47;2.47
715;4.55;3.21;3.9;4.01;8.17;2.39;1.75;1.19;1.13
716;4.47;3.18;3.85;4;8.02;2.39;1.77;;1.11
717;4.28;3.13;3.69;3.92;7.4;2.39;1.78;1.45;1.41
718;5.12;3.4;4.39;4.2;7.3;2.37;1.47;3.82;3.74
719;3.18;2.77;2.93;3.2;3.5;2.36;1.71;1.41;1.35
720;2.86;2.42;2.82;2.62;3.94;2.33;1.69;0.96;0.93
721;4.77;3.83;4.06;3.69;7.36;2.3;1.54;3.09;3.05
722;4.66;3.75;4.06;3.64;7.39;2.3;1.61;0.9;0.84
723;5.08;3.98;4.83;3.67;7.56;2.27;1.36;3.29;3.3
724;5.13;3.87;4.15;3.7;7.94;2.29;1.65;3.49;3.46
725;5.23;3.93;4.41;3.7;7.89;2.29;1.59;3.74;3.76
726;4.93;3.75;3.63;3.68;8.05;2.29;1.77;2.96;2.92
728;4.72;3.87;4.73;3.99;5.99;2.13;1.24;3.33;3.26
729;5.71;4.11;5.27;4.08;6.06;2.1;1.27;3.97;3.89
730;5.26;4.13;5.08;3.59;6.81;2.17;1.26;3.39;3.31
731;4.58;3.46;3.67;3.81;5.84;2.3;1.71;2.08;2.03
732;2.92;2.43;2.89;2.42;4.09;2.3;1.62;0.67;0.66
733;2.9;2.56;2.86;2.48;4.07;2.28;1.63;0.71;0.72
734;2.78;2.84;2.8;2.6;3.51;2.18;1.57;;1.49
735;3.62;3.01;3.59;3.08;3.32;2.17;1.72;1.49;1.49
736;3.57;2.98;3.59;3.03;3.31;2.17;1.72;0.5;0.57
737;3.16;2.77;3.18;2.59;4.24;2.17;1.77;0.87;0.89
738;3.1;2.71;3.1;2.5;3.93;2.19;1.76;0.87;0.9
739;3.07;2.73;2.87;2.92;3.4;2.27;1.82;1.11;1.12
740;3.96;3.5;3.63;4.01;3.47;2.06;1.76;2.78;2.85
741;3.75;3.3;3.19;3.67;3.86;2.29;1.81;1.55;1.58
742;2.71;2.38;2.91;2.31;3.77;2.23;1.61;0.1;0.1
743;2.88;2.41;2.59;2.59;5.35;2.15;1.73;0.91;0.93
744;3.32;2.86;3.39;2.8;3.49;2.17;1.73;0.82;0.86
746;3.13;2.93;2.9;2.8;3.07;2.28;1.82;0.99;1.04
747;3.26;2.97;2.94;3.18;3.46;2.26;1.79;1.3;1.34
748;2.95;2.44;3.36;2.36;3.35;2.16;1.72;0.88;0.93
749;3.54;2.98;3.59;3;3.31;2.17;1.72;0.85;0.9
750;2.83;2.37;2.58;2.65;5.07;2.15;1.73;0.8;0.81
751;2.91;2.63;2.88;2.57;3.11;2.28;1.85;0.68;0.71
752;3.87;3.29;3.62;3.62;3.43;2.12;1.74;;0
753;3.44;3.14;2.91;3.29;3.28;2.29;1.79;1.26;1.28
754;2.74;2.28;2.84;2.53;3.66;2.2;1.69;0.38;0.38
755;3.04;2.64;2.96;2.58;5.17;2.16;1.77;0.89;0.91
756;2.78;2.49;2.96;2.41;3.75;2.21;1.6;0.23;0.24
757;3.01;2.55;2.83;2.46;6.16;2.16;1.81;0.82;0.85
758;2.71;2.38;2.91;2.31;3.77;2.22;1.61;0.07;0.08
759;3.91;3.5;3.63;3.98;3.48;2.08;1.76;2.65;2.65
760;3.8;3.05;3.66;3.18;3.29;2.18;1.73;1.53;1.5
761;3;2.72;2.94;2.52;2.99;2.27;1.84;0.98;1.02
762;2.93;2.61;2.88;2.66;3.2;2.27;1.84;0.93;0.96
763;3.01;2.72;3.1;2.36;3.08;2.25;1.79;0.65;0.67
764;2.92;2.76;2.89;2.23;3.88;2.18;1.88;0.55;0.57
766;2.93;2.67;2.99;2.51;4;2.17;1.71;1.18;1.18
767;2.97;2.77;2.95;2.26;3.75;2.2;1.84;0.68;0.7
768;3.05;2.81;2.94;2.58;3.01;2.27;1.84;1.02;1.07
769;3.08;2.79;2.89;2.88;3.23;2.26;1.82;1.18;1.2
770;2.94;2.53;3.06;2.32;2.78;2.25;1.81;0.59;0.65
771;3.96;3.5;3.43;4.01;3.47;2.06;1.76;3.17;3.11
772;3.16;2.94;2.91;3.16;3.21;2.26;1.81;0.99;1.01
773;3.39;3;2.94;3.29;3.52;2.26;1.79;;1.76
774;3.44;3.08;3.17;3.32;3.53;2.24;1.79;;1.33
776;3.02;2.83;3.05;2.5;3.86;2.25;1.79;;0.79
777;4.38;3.66;4.07;4.4;5.05;2.26;1.83;3.16;3.09
778;3.03;2.79;2.98;2.32;3.72;2.22;1.82;;0.88
779;3.48;3.1;3.17;3.32;3.53;2.25;1.79;;0.71
780;3.84;3.26;3.81;3.58;3.4;2.12;1.73;;1.61
782;3.03;2.51;3.52;2.34;3.3;2.17;1.72;1.03;1.02
783;4.13;3.49;3.55;4.1;4.63;2.28;1.83;1.51;1.55
784;2.71;2.33;2.75;2.37;3.33;2.27;1.84;0.6;0.65
785;4.35;3.68;4;4.4;6.24;2.27;1.93;;2.66
786;2.97;2.43;2.96;2.43;4.66;2.19;1.67;0.53;0.54
787;2.93;2.46;2.68;2.42;3.66;2.16;1.64;0.4;0.41
788;2.99;2.69;3.06;2.35;2.85;2.25;1.82;0.62;0.67
789;2.91;2.38;2.94;2.41;4.2;2.2;1.63;;0
790;2.52;1.96;2.59;2.36;3.83;2.29;1.59;;0.84
791;2.99;2.48;2.96;2.31;3.7;2.19;1.62;;0.65
792;3.87;3.23;3.62;3.45;3.37;2.17;1.73;1.47;1.61
793;3.31;3.02;3.16;3.3;3.52;2.26;1.79;;1.41
795;2.74;2.29;2.87;2.48;3.69;2.22;1.68;1.2;1.2
796;3.06;2.86;2.99;2.55;2.96;2.28;1.83;1;1.06
797;4.84;4.21;5.02;5.25;2.58;1.93;0.82;5.89;6.03
798;4.99;4.45;5.39;5.2;4.08;2.1;0.79;3.63;3.66
799;4.57;4.07;4.9;5.14;4.92;2.13;0.85;2.02;1.98
800;4.47;4.03;4.86;4.81;2.59;1.96;0.84;;5.93
801;3.88;2.86;4.17;3.78;4.04;1.9;0.74;3.31;3.4
802;3.95;3.09;4.46;3.81;4.91;1.99;0.76;2.53;2.53
803;3.9;3.24;4.17;3.81;4.87;2.06;0.81;2.41;2.44
804;3.86;3.41;3.95;3.98;4.24;2.06;0.82;0.26;0.26
805;3.92;3.49;4.25;4.26;4.61;2.08;0.84;2.01;2.07
806;4.35;3.9;4.92;4.73;4.67;2.12;0.85;3.01;3.03
807;4.06;3.88;5.1;4.49;5.99;2.19;0.98;2.45;2.48
808;4.5;3.79;5.01;3.98;5.42;2.17;0.94;3.42;3.34
809;5.25;4.58;5.18;4.22;3.52;2.44;1.35;3.66;3.66
810;5.46;5.34;5.65;4.89;4.74;2.39;1.43;3.66;3.71
811;4.62;4.13;4.08;4.03;3.43;2.42;1.59;5.97;5.92
812;3.75;3.28;3.86;3.22;2.35;1.94;0.82;3.06;3.12
813;3.41;2.72;3.76;2.89;2.02;1.86;0.67;3.75;3.79
814;3.59;3.18;3.88;2.98;1.46;1.81;0.6;3.77;3.79
815;3.33;2.43;3.84;2.86;3.14;1.86;0.75;2.44;2.5
816;3.58;2.82;3.91;3.08;2.88;1.9;0.74;2.73;2.75
817;3.03;2.3;3.62;2.49;3.05;1.92;0.79;0.31;0.3
818;3.12;2.15;3.54;2.32;3.34;1.92;0.77;1.58;1.58
819;3.37;2.54;3.9;2.8;3.21;1.93;0.77;2.38;2.44
820;3.46;2.66;3.91;2.9;3.11;1.92;0.75;1.05;1.07
821;3.42;2.58;4.01;2.82;3.3;1.94;0.75;2.35;2.37
822;2.81;;2.81;1.66;2.62;1.93;1.5;1.71;1.58
823;2.81;;2.79;1.66;3.09;1.89;1.5;1.46;1.39
824;2.81;;2.8;1.67;2.77;1.94;1.49;1.56;1.47
825;2.56;2;2.72;1.52;3.74;1.97;1.55;1.33;1.29
826;2.15;1.67;2.51;1.45;2.76;2.19;1.56;0.79;0.79
827;2.35;1.67;2.62;1.51;2.9;2.12;1.54;0.92;0.89
828;2.03;1.73;2.07;1.4;3.19;2.31;1.63;0.36;0.37
829;2.17;1.66;2.37;1.47;2.96;2.21;1.57;0.66;0.65
830;2.84;2.54;2.74;2.12;3.42;2.11;1.54;;0.73
831;2.7;2.34;2.55;1.94;3.48;2.22;1.6;1.14;1.11
832;2.69;2.29;2.52;1.94;3.54;2.24;1.6;;1.2
833;2.66;2.3;2.53;1.9;3.48;2.25;1.61;1.11;1.07
834;2.72;2.47;2.57;2.03;3.33;2.24;1.61;1.29;1.25
835;2.6;2.26;2.53;1.9;3.39;2.28;1.62;1.04;1.01
836;2.49;2.19;2.42;1.83;3.33;2.3;1.63;0.92;0.9
837;1.98;1.74;2.05;1.42;3.61;2.34;1.66;0.37;0.39
838;2;1.64;2.07;1.28;3.85;2.36;1.68;0.16;0.18
839;2;1.6;2.07;1.29;3.91;2.34;1.65;;0.35
840;2.18;1.79;2.27;1.54;3.14;2.31;1.62;0.61;0.6
841;2.38;2.07;2.25;1.67;3.76;2.36;1.66;0.62;0.58
842;2.21;1.87;1.94;1.57;3.52;2.44;1.69;0.48;0.48
843;2.34;1.99;2.18;1.66;3.6;2.42;1.68;0.54;0.52
844;2.18;1.79;2.27;1.54;3.17;2.33;1.63;0.59;0.58
845;2.33;1.9;2.32;1.81;3.64;2.47;1.66;0.39;0.37
846;2.32;2.02;2.32;1.65;3.63;2.45;1.68;0.58;0.56
847;2.23;1.9;2.12;1.73;3.53;2.52;1.71;0.42;0.43
848;2.16;1.79;2.23;1.56;3.23;2.36;1.64;0.54;0.53
849;2.15;1.79;2.19;1.57;3.3;2.38;1.66;;0.48
850;2.1;1.81;2.2;1.49;3.86;2.26;1.48;0.21;0.25
851;2.06;1.85;2.23;1.62;3.91;2.26;1.48;0.42;0.43
852;2;1.99;2.24;1.77;4.09;2.21;1.49;;0.46
853;2.06;1.93;2.06;1.74;3.96;2.24;1.52;0.4;0.42
854;1.96;1.8;2.2;1.52;3.92;2.29;1.5;0.32;0.33
855;2.03;1.9;2.09;1.69;3.95;2.26;1.53;;0.36
856;2.01;1.88;2.05;1.67;3.96;2.28;1.55;0.33;0.35
857;1.94;1.81;2;1.59;3.92;2.4;1.59;0.25;0.26
858;1.86;1.69;1.97;1.42;4.08;2.38;1.56;0.17;0.18
859;1.82;1.66;1.93;1.39;4.13;2.45;1.57;0.13;0.15
860;2.32;1.88;2.25;1.45;3.58;2.13;1.6;0.91;0.92
861;2.33;1.79;2.26;1.47;3.15;2.16;1.64;0.77;0.77
862;2.33;1.8;2.26;1.44;3.1;2.18;1.64;0.67;0.68
863;2.1;1.72;2.18;1.33;3.4;2.28;1.61;0.44;0.44
864;2.15;1.76;2.2;1.35;3.4;2.27;1.62;0.46;0.46
865;2.12;1.74;2.2;1.34;3.44;2.3;1.63;0.4;0.39
866;2.26;1.77;2.27;1.41;3.03;2.25;1.68;0.41;0.41
867;2.2;1.71;2.22;1.45;3.08;2.28;1.66;0.31;0.31
868;2.04;1.85;2.06;1.29;3.9;2.27;1.58;0.35;0.4
869;2.09;1.7;2.16;1.31;3.55;2.32;1.64;0.3;0.31
870;2.03;1.66;2.1;1.3;3.52;2.39;1.65;0.31;0.32
871;2.26;1.88;2.24;1.6;3.59;2.25;1.55;0.53;0.52
872;2.24;1.83;2.24;1.57;3.65;2.25;1.54;0.26;0.27
873;2.16;1.81;2.23;1.52;3.65;2.26;1.53;0.47;0.46
874;2.11;1.77;2.13;1.49;3.67;2.28;1.53;0.37;0.37
875;2.16;1.73;2.23;1.39;3.29;2.24;1.63;0.46;0.48
876;2.07;1.74;2.24;1.39;3.39;2.27;1.59;0.41;0.42
877;2.1;1.73;2.22;1.38;3.35;2.27;1.61;0.41;0.43
878;1.98;1.68;2.11;1.34;3.62;2.33;1.58;0.31;0.33
879;1.84;1.63;2;1.35;3.9;2.43;1.58;0.18;0.2
880;2;1.71;2.08;1.41;3.73;2.34;1.56;0.3;0.32
881;1.95;1.69;2.01;1.41;3.75;2.43;1.62;0.24;0.24
882;1.92;1.83;1.99;1.48;4.22;2.49;1.7;0.23;0.21
